title,url
Patterns (YC S21) Is hiring devs to help build low-code data modeling tools,https://www.ycombinator.com/companies/patterns
The Muse (YC W12) Is Growing Our Platform Engineering Team,https://www.themuse.com/jobs/themuse/senior-platform-engineer-233c9c
Stacker (YC S20) is hiring product engineers,https://apply.workable.com/stackerhq/j/32E1D43CF5/
"Skio (YC S20) is hiring in NYC â€“ subscriptions for Shopify, ReCharge migrations",https://skio.com/careers/
Streak (YC W22) is hiring customer success specialists to delight users (remote),https://www.streak.com/careers/customer-success-specialist-remote
"Draftbit (YC W18) Is Hiring Senior Engineers (TypeScript, React Native, GraphQL)",https://www.ycombinator.com/companies/draftbit/jobs/Fj0Gn7Y8I-senior-software-engineer
Mozart Data (YC S20) is hiring a senior front end engineer,https://www.mozartdata.com/senior-software-engineer-frontend
Smarking (YC W15) Is Hiring Lead ML Eng to scale tech for $655B parking industry,https://jobs.lever.co/smarking/01b7a4c5-28ce-4a4c-9c88-d4cad6c01c76
"UPchieve (Edtech Nonprofit, YC W21) is hiring our first product lead",https://upchieve.welcomekit.co/
SimpleHash (YC W22) is hiring back end engineers to build NFT APIs,https://www.ycombinator.com/companies/simplehash/jobs/ID7qnlS-senior-backend-api-engineer
Padlet (YC W13) Is Hiring in Singapore to Build Software for a Good Education,https://padlet.jobs
Reverie Labs (YC W18) is hiring software engineers to develop cancer therapies,https://www.reverielabs.com/careers
GiveCampus (YC S15) is hiring a senior site reliability engineer,https://jobs.lever.co/givecampus/e7ae4695-e4d6-4ed0-b16f-f489a8f2382d
"Sieve (YC W22) is building the MongoDB for video, come join us",https://www.sievedata.com/
Supabase (YC S20) Is Hiring Elixir Engineers (Remote),https://boards.greenhouse.io/supabase/jobs/4544288004
EasyPost (YC S13) Is Hiring,https://www.easypost.com/careers
PermitFlow (YC W22) is hiring a head of permit operations,item?id=31910211
"PolicyFly (YC W22) Is Hiring a Director of Engineering (Remote, US)",https://www.ycombinator.com/companies/policyfly/jobs/PpoJWAq-director-of-engineering
Algolia Is Hiring an Engineering Manager in EMEA to Lead the Ingestion Pipeline,https://www.algolia.com/careers/engineering-manager-event-ingestion-london-england
Landeed (YC S22) is hiring Rust and React Native engineers in India,https://www.ycombinator.com/companies/landeed/jobs
Finley (YC W21) is hiring its first sales team member,item?id=31900737
Taloflow (YC W21) Is Hiring a React Dev (2 Mo. Contract),https://www.ycombinator.com/companies/taloflow/jobs/FlGzrvv-react-ui-developer-2-mo-contract
BuildZoom (YC W13) is hiring a growth associate,https://jobs.lever.co/buildzoom
OneSignal (YC S11) is hiring back end and full stack engineers,https://onesignal.com/careers
Tara AI Is Hiring a senior back-end engineer to help build a ticketless future,https://jobs.gohire.io/tara-ai-wyqbsv6l/senior-back-end-engineer-92600/
Deepnote (YC S19) is hiring engineers to build a better Jupyter notebook,https://deepnote.com/join-us
Flexport (YC W14) is hiring software engineers,https://flexport.com/careers
"Svix, the Enterprise Ready Webhook Service (YC W21) Is Hiring (Remote)",https://www.svix.com/careers/
MDalgorithms (YC W17) Is Hiring Chief Marketing Officer,https://www.ycombinator.com/companies/mdalgorithms-inc/jobs/nfNrF5S-chief-marketing-officer
Generally Intelligent (YC S17) is hiring machine learning research engineers,item?id=31843932
